Name,start date,end date,is multi day,event ID,reg link,directions link,event city,event state,event region,sanction
"Cycle-Smart Cyclocross Camp",Sat Aug 02 2025 00:00:00 GMT-0400 (Eastern Daylight Time),Tue Aug 05 2025 00:00:00 GMT-0400 (Eastern Daylight Time),true,70521,http://www.BikeReg.com/70521,http://maps.google.com/maps/?z=12&t=m&q=loc:42.271001+-72.7171283,Southampton,MA,New England
"Cross Curious",Sun Aug 03 2025 00:00:00 GMT-0400 (Eastern Daylight Time),Sun Aug 03 2025 00:00:00 GMT-0400 (Eastern Daylight Time),false,71863,http://www.BikeReg.com/71863,http://maps.google.com/maps/?z=12&t=m&q=loc:42.2668681513498+-83.7565891868759,Ann Arbor,MI,Midwest
"DC Cyclocross Clinic 2025",Sat Aug 09 2025 00:00:00 GMT-0400 (Eastern Daylight Time),Sat Aug 09 2025 00:00:00 GMT-0400 (Eastern Daylight Time),false,71084,http://www.BikeReg.com/71084,http://maps.google.com/maps/?z=12&t=m&q=loc:38.9528172+-76.9521133,Hyattsville,MD,Mid Atlantic
"Kings CX Time Trial Series-Week 1",Wed Aug 13 2025 00:00:00 GMT-0400 (Eastern Daylight Time),Wed Aug 13 2025 00:00:00 GMT-0400 (Eastern Daylight Time),false,71828,http://www.BikeReg.com/71828,http://maps.google.com/maps/?z=12&t=m&q=loc:39.3116074+-84.2975447,Mason,OH,Midwest
"CCAP Youth Cyclocross Camp 2025",Sat Aug 16 2025 00:00:00 GMT-0400 (Eastern Daylight Time),Sun Aug 17 2025 00:00:00 GMT-0400 (Eastern Daylight Time),true,71873,http://www.BikeReg.com/71873,http://maps.google.com/maps/?z=12&t=m&q=loc:41.587331+-72.841785,Southington,CT,New England
"CXpreX",Sun Aug 17 2025 00:00:00 GMT-0400 (Eastern Daylight Time),Sun Aug 17 2025 00:00:00 GMT-0400 (Eastern Daylight Time),false,70482,http://www.BikeReg.com/70482,http://maps.google.com/maps/?z=12&t=m&q=loc:42.2920487+-83.7515051,Ann Arbor,MI,Midwest
"Shark River Devo Cyclocross Clinics",Mon Jul 21 2025 00:00:00 GMT-0400 (Eastern Daylight Time),Mon Aug 18 2025 00:00:00 GMT-0400 (Eastern Daylight Time),true,71646,http://www.BikeReg.com/71646,http://maps.google.com/maps/?z=12&t=m&q=loc:40.1233323+-74.1521411,Howell Township,NJ,North East
"Competitive Edge Racing Weeknight Racing P/B Vanished Valley Brewery",Wed Jun 04 2025 00:00:00 GMT-0400 (Eastern Daylight Time),Wed Aug 20 2025 00:00:00 GMT-0400 (Eastern Daylight Time),true,70705,http://www.BikeReg.com/70705,http://maps.google.com/maps/?z=12&t=m&q=loc:42.1875668+-72.4631394,Ludlow,MA,New England
"Kings CX Time Trial Series-Week 2",Wed Aug 20 2025 00:00:00 GMT-0400 (Eastern Daylight Time),Wed Aug 20 2025 00:00:00 GMT-0400 (Eastern Daylight Time),false,71829,http://www.BikeReg.com/71829,http://maps.google.com/maps/?z=12&t=m&q=loc:39.3116074+-84.2975447,Mason,OH,Midwest
"Epic Cross",Sat Aug 23 2025 00:00:00 GMT-0400 (Eastern Daylight Time),Sat Aug 23 2025 00:00:00 GMT-0400 (Eastern Daylight Time),false,71694,http://www.BikeReg.com/71694,http://maps.google.com/maps/?z=12&t=m&q=loc:42.969636+-77.439147,Victor,NY,North East
"Team Winston Salem - Velocious Sport Cyclocross Camp",Sat Aug 23 2025 00:00:00 GMT-0400 (Eastern Daylight Time),Sun Aug 24 2025 00:00:00 GMT-0400 (Eastern Daylight Time),true,71770,http://www.BikeReg.com/71770,http://maps.google.com/maps/?z=12&t=m&q=loc:36.1177066331249+-80.3095741042375,Winston-Salem,NC,Mid Atlantic
"WTF is Cross",Sat Aug 23 2025 00:00:00 GMT-0400 (Eastern Daylight Time),Sat Aug 23 2025 00:00:00 GMT-0400 (Eastern Daylight Time),false,71795,http://www.BikeReg.com/71795,http://maps.google.com/maps/?z=12&t=m&q=loc:40.7291208+-73.7742339,Queens,NY,North East
"Blunt Park CX p/b Competitive Edge Racing (RVCX Series #1)",Sun Aug 24 2025 00:00:00 GMT-0400 (Eastern Daylight Time),Sun Aug 24 2025 00:00:00 GMT-0400 (Eastern Daylight Time),false,70704,http://www.BikeReg.com/70704,http://maps.google.com/maps/?z=12&t=m&q=loc:42.1295894+-72.5472416,Springfield,MA,New England
"CCAP Rocky Hill Cyclocross Series #1",Wed Aug 27 2025 00:00:00 GMT-0400 (Eastern Daylight Time),Wed Aug 27 2025 00:00:00 GMT-0400 (Eastern Daylight Time),false,70855,http://www.BikeReg.com/70855,http://maps.google.com/maps/?z=12&t=m&q=loc:41.6630015+-72.6513435,Rocky Hill,CT,New England
"Kings CX Time Trial Series-Week 3",Wed Aug 27 2025 00:00:00 GMT-0400 (Eastern Daylight Time),Wed Aug 27 2025 00:00:00 GMT-0400 (Eastern Daylight Time),false,71830,http://www.BikeReg.com/71830,http://maps.google.com/maps/?z=12&t=m&q=loc:39.3116074+-84.2975447,Mason,OH,Midwest
"GVCC Junior Cyclocross Development Program",Wed Aug 27 2025 00:00:00 GMT-0400 (Eastern Daylight Time),Wed Aug 27 2025 00:00:00 GMT-0400 (Eastern Daylight Time),false,71891,http://www.BikeReg.com/71891,http://maps.google.com/maps/?z=12&t=m&q=loc:43.0440397+-77.4861397,Pittsford,NY,North East
"Gray Duck Grit IV",Sat Aug 30 2025 00:00:00 GMT-0400 (Eastern Daylight Time),Sun Aug 31 2025 00:00:00 GMT-0400 (Eastern Daylight Time),true,70352,http://www.BikeReg.com/70352,http://maps.google.com/maps/?z=12&t=m&q=loc:44.5141101422894+-92.9141175546474,Cannon Falls,MN,Midwest
"NCC Hydra Cross (RVCX Series #2)",Sun Aug 31 2025 00:00:00 GMT-0400 (Eastern Daylight Time),Sun Aug 31 2025 00:00:00 GMT-0400 (Eastern Daylight Time),false,67565,http://www.BikeReg.com/67565,http://maps.google.com/maps/?z=12&t=m&q=loc:42.2107748+-72.6072628,Holyoke,MA,New England
"Lionhearts CX",Sun Aug 31 2025 00:00:00 GMT-0400 (Eastern Daylight Time),Sun Aug 31 2025 00:00:00 GMT-0400 (Eastern Daylight Time),false,71814,http://www.BikeReg.com/71814,http://maps.google.com/maps/?z=12&t=m&q=loc:39.3115403+-84.2977848,Mason,OH,Midwest
"CCAP Rocky Hill Cyclocross Series #2",Wed Sep 03 2025 00:00:00 GMT-0400 (Eastern Daylight Time),Wed Sep 03 2025 00:00:00 GMT-0400 (Eastern Daylight Time),false,70856,http://www.BikeReg.com/70856,http://maps.google.com/maps/?z=12&t=m&q=loc:41.6616066750042+-72.652003839612,Rocky Hill,CT,New England
"Kings CX Time Trial Series-Week 4",Wed Sep 03 2025 00:00:00 GMT-0400 (Eastern Daylight Time),Wed Sep 03 2025 00:00:00 GMT-0400 (Eastern Daylight Time),false,71831,http://www.BikeReg.com/71831,http://maps.google.com/maps/?z=12&t=m&q=loc:39.3116074+-84.2975447,Mason,OH,Midwest
"Belltown Throwdown 1 - Classic Course, Race #1 of PMCX",Sat Sep 06 2025 00:00:00 GMT-0400 (Eastern Daylight Time),Sat Sep 06 2025 00:00:00 GMT-0400 (Eastern Daylight Time),false,68291,http://www.BikeReg.com/68291,http://maps.google.com/maps/?z=12&t=m&q=loc:41.5723446+-72.5994793,Portland,CT,New England
"New Year’s Cyclocross Party",Sat Sep 06 2025 00:00:00 GMT-0400 (Eastern Daylight Time),Sat Sep 06 2025 00:00:00 GMT-0400 (Eastern Daylight Time),false,68325,http://www.BikeReg.com/68325,http://maps.google.com/maps/?z=12&t=m&q=loc:38.8443235+-104.837822,Colorado Springs,CO,Mountain West
"Deer Farm Cyclocross / DFCX / pb Heritage Pizza Wrights",Sat Sep 06 2025 00:00:00 GMT-0400 (Eastern Daylight Time),Sat Sep 06 2025 00:00:00 GMT-0400 (Eastern Daylight Time),false,70500,http://www.BikeReg.com/70500,http://maps.google.com/maps/?z=12&t=m&q=loc:43.6199111+-70.8843374,Newfield,ME,New England
"Country Cross - Missoula, Montana - UCI C2",Sat Sep 06 2025 00:00:00 GMT-0400 (Eastern Daylight Time),Sun Sep 07 2025 00:00:00 GMT-0400 (Eastern Daylight Time),true,71927,http://www.BikeReg.com/71927,http://maps.google.com/maps/?z=12&t=m&q=loc:47.0483315+-114.3467246,Huson,MT,Mountain West
"OVCX Tune Up - 2025 Devo Cross",Sat Sep 06 2025 00:00:00 GMT-0400 (Eastern Daylight Time),Sat Sep 06 2025 00:00:00 GMT-0400 (Eastern Daylight Time),false,72036,http://www.BikeReg.com/72036,http://maps.google.com/maps/?z=12&t=m&q=loc:39.81597+-86.1992269,Indianapolis,IN,Midwest
"VACX Series - Thunder Cross @ Panorama Farms",Sun Sep 07 2025 00:00:00 GMT-0400 (Eastern Daylight Time),Sun Sep 07 2025 00:00:00 GMT-0400 (Eastern Daylight Time),false,70146,http://www.BikeReg.com/70146,http://maps.google.com/maps/?z=12&t=m&q=loc:38.122807+-78.493673,Earlysville,VA,Mid Atlantic
"Frisco Cross",Sun Sep 07 2025 00:00:00 GMT-0400 (Eastern Daylight Time),Sun Sep 07 2025 00:00:00 GMT-0400 (Eastern Daylight Time),false,70240,http://www.BikeReg.com/70240,http://maps.google.com/maps/?z=12&t=m&q=loc:39.5749387+-106.0777727,Frisco,CO,Mountain West
"NCCX Pre-Season Skills Clinics 2025",Sun Sep 07 2025 00:00:00 GMT-0400 (Eastern Daylight Time),Sun Sep 07 2025 00:00:00 GMT-0400 (Eastern Daylight Time),false,70582,http://www.BikeReg.com/70582,http://maps.google.com/maps/?z=12&t=m&q=loc:35.545953+-82.6134043,Asheville,NC,Mid Atlantic
"Greene Acres Cyclocross Classic",Sun Sep 07 2025 00:00:00 GMT-0400 (Eastern Daylight Time),Sun Sep 07 2025 00:00:00 GMT-0400 (Eastern Daylight Time),false,70728,http://www.BikeReg.com/70728,http://maps.google.com/maps/?z=12&t=m&q=loc:42.9663657+-87.8657319,St Francis,WI,Midwest
"NJBA CX Cup Race #1- Bubblecross presented by Team Town Cycle",Sun Sep 07 2025 00:00:00 GMT-0400 (Eastern Daylight Time),Sun Sep 07 2025 00:00:00 GMT-0400 (Eastern Daylight Time),false,70956,http://www.BikeReg.com/70956,http://maps.google.com/maps/?z=12&t=m&q=loc:41.089852+-74.382838,West Milford,NJ,North East
"Ed Sander Memorial CX -- Event #1 of the 2025 BikeReg Cyclocross Super Series",Sun Sep 07 2025 00:00:00 GMT-0400 (Eastern Daylight Time),Sun Sep 07 2025 00:00:00 GMT-0400 (Eastern Daylight Time),false,71472,http://www.BikeReg.com/71472,http://maps.google.com/maps/?z=12&t=m&q=loc:39.2233832+-77.537982,Leesburg,VA,Mid Atlantic
"Ganondagan Cyclocross",Sun Sep 07 2025 00:00:00 GMT-0400 (Eastern Daylight Time),Sun Sep 07 2025 00:00:00 GMT-0400 (Eastern Daylight Time),false,71695,http://www.BikeReg.com/71695,http://maps.google.com/maps/?z=12&t=m&q=loc:42.9614181+-77.4320831,Victor,NY,North East
"Sorry Honey, I've Gotta Work Late",Tue Sep 09 2025 00:00:00 GMT-0400 (Eastern Daylight Time),Tue Sep 23 2025 00:00:00 GMT-0400 (Eastern Daylight Time),true,72070,http://www.BikeReg.com/72070,http://maps.google.com/maps/?z=12&t=m&q=loc:37.5321516+-77.5067449,Richmond,VA,Mid Atlantic
"Virginia's Blue Ridge GO Cross - TREK USCX Series - UCI C1/C2",Sat Sep 13 2025 00:00:00 GMT-0400 (Eastern Daylight Time),Sun Sep 14 2025 00:00:00 GMT-0400 (Eastern Daylight Time),true,71481,http://www.BikeReg.com/71481,http://maps.google.com/maps/?z=12&t=m&q=loc:37.2736413+-79.9130074,Roanoke,VA,Mid Atlantic
"SHIMANO Cyclocross Series 5-pack",Sat Sep 13 2025 00:00:00 GMT-0400 (Eastern Daylight Time),Sat Sep 13 2025 00:00:00 GMT-0400 (Eastern Daylight Time),false,71554,http://www.BikeReg.com/71554,http://maps.google.com/maps/?z=12&t=m&q=loc:40.0454736+-105.2838511,Boulder,CO,Mountain West
"CYCLO-X Harlow Platts",Sat Sep 13 2025 00:00:00 GMT-0400 (Eastern Daylight Time),Sat Sep 13 2025 00:00:00 GMT-0400 (Eastern Daylight Time),false,71555,http://www.BikeReg.com/71555,http://maps.google.com/maps/?z=12&t=m&q=loc:39.9746374+-105.2486267,Boulder,CO,Mountain West
"Volunteer Sign-up - CYCLO-X Harlow Platts",Sat Sep 13 2025 00:00:00 GMT-0400 (Eastern Daylight Time),Sat Sep 13 2025 00:00:00 GMT-0400 (Eastern Daylight Time),false,71568,http://www.BikeReg.com/71568,http://maps.google.com/maps/?z=12&t=m&q=loc:39.9746374+-105.2486267,Boulder,CO,Mountain West
"Whirlybird 'Cross at Twining Valley Park (PACX)",Sat Sep 13 2025 00:00:00 GMT-0400 (Eastern Daylight Time),Sat Sep 13 2025 00:00:00 GMT-0400 (Eastern Daylight Time),false,71610,http://www.BikeReg.com/71610,http://maps.google.com/maps/?z=12&t=m&q=loc:40.1418194+-75.1541543,Dresher,PA,North East
"Big Run CX 2025 p/b Cbus Cross",Sat Sep 13 2025 00:00:00 GMT-0400 (Eastern Daylight Time),Sat Sep 13 2025 00:00:00 GMT-0400 (Eastern Daylight Time),false,71681,http://www.BikeReg.com/71681,http://maps.google.com/maps/?z=12&t=m&q=loc:39.931227+-83.110633,Columbus,OH,Midwest
"Kenosha VeloCross 2025",Sat Sep 13 2025 00:00:00 GMT-0400 (Eastern Daylight Time),Sat Sep 13 2025 00:00:00 GMT-0400 (Eastern Daylight Time),false,72067,http://www.BikeReg.com/72067,http://maps.google.com/maps/?z=12&t=m&q=loc:42.6330198+-87.8334634,Kenosha,WI,Midwest
"Pineapple Crush Cross - PACX Series Race #2",Sun Sep 14 2025 00:00:00 GMT-0400 (Eastern Daylight Time),Sun Sep 14 2025 00:00:00 GMT-0400 (Eastern Daylight Time),false,71768,http://www.BikeReg.com/71768,http://maps.google.com/maps/?z=12&t=m&q=loc:40.5398506+-75.4835701,Emmaus,PA,North East
"2025 Midnight Ride of Cyclocross",Sun Sep 14 2025 00:00:00 GMT-0400 (Eastern Daylight Time),Sun Sep 14 2025 00:00:00 GMT-0400 (Eastern Daylight Time),false,72007,http://www.BikeReg.com/72007,http://maps.google.com/maps/?z=12&t=m&q=loc:42.4645152+-71.6630244,Lancaster,MA,New England
"CCAP Rocky Hill Cyclocross Series #3",Wed Sep 17 2025 00:00:00 GMT-0400 (Eastern Daylight Time),Wed Sep 17 2025 00:00:00 GMT-0400 (Eastern Daylight Time),false,70857,http://www.BikeReg.com/70857,http://maps.google.com/maps/?z=12&t=m&q=loc:41.6616066750042+-72.652003839612,Rocky Hill,CT,New England
"Rochester Cyclocross - UCI C1/C2 - TREK USCX Series",Fri Sep 19 2025 00:00:00 GMT-0400 (Eastern Daylight Time),Sun Sep 21 2025 00:00:00 GMT-0400 (Eastern Daylight Time),true,71519,http://www.BikeReg.com/71519,http://maps.google.com/maps/?z=12&t=m&q=loc:43.1205923+-77.6337301,Rochester,NY,North East
"Rochester Cyclocross 2025 VOLUNTEER REGISTRATION",Fri Sep 19 2025 00:00:00 GMT-0400 (Eastern Daylight Time),Sun Sep 21 2025 00:00:00 GMT-0400 (Eastern Daylight Time),true,72041,http://www.BikeReg.com/72041,http://maps.google.com/maps/?z=12&t=m&q=loc:43.1167182+-77.6453347,Rochester,NY,North East
"Carpenter Cross [One-OFF] (PACX Series)",Sat Sep 20 2025 00:00:00 GMT-0400 (Eastern Daylight Time),Sat Sep 20 2025 00:00:00 GMT-0400 (Eastern Daylight Time),false,70026,http://www.BikeReg.com/70026,http://maps.google.com/maps/?z=12&t=m&q=loc:40.1755908+-75.1409647,Horsham,PA,North East
"HenBIKEo CX - VACX",Sat Sep 20 2025 00:00:00 GMT-0400 (Eastern Daylight Time),Sat Sep 20 2025 00:00:00 GMT-0400 (Eastern Daylight Time),false,70943,http://www.BikeReg.com/70943,http://maps.google.com/maps/?z=12&t=m&q=loc:37.6751343+-77.5178895,Glen Allen,VA,Mid Atlantic
"Rail Creek CX",Sat Sep 20 2025 00:00:00 GMT-0400 (Eastern Daylight Time),Sun Sep 21 2025 00:00:00 GMT-0400 (Eastern Daylight Time),true,72012,http://www.BikeReg.com/72012,http://maps.google.com/maps/?z=12&t=m&q=loc:39.0168207+-94.8246644,Shawnee,KS,Midwest
"HenBIKEo Lil' Belgium Kids Race",Sat Sep 20 2025 00:00:00 GMT-0400 (Eastern Daylight Time),Sat Sep 20 2025 00:00:00 GMT-0400 (Eastern Daylight Time),false,72058,http://www.BikeReg.com/72058,http://maps.google.com/maps/?z=12&t=m&q=loc:37.6775104013874+-77.5157019205466,Richmond,VA,Mid Atlantic
"Hidden Valley CX 2025 - PMCX Series #2",Sun Sep 21 2025 00:00:00 GMT-0400 (Eastern Daylight Time),Sun Sep 21 2025 00:00:00 GMT-0400 (Eastern Daylight Time),false,68289,http://www.BikeReg.com/68289,http://maps.google.com/maps/?z=12&t=m&q=loc:41.2676886399571+-72.8991893060825,New Haven,CT,New England
"Hyattsville CX -- Event #2 of the 2025 BikeReg Cyclocross Super Series",Sun Sep 21 2025 00:00:00 GMT-0400 (Eastern Daylight Time),Sun Sep 21 2025 00:00:00 GMT-0400 (Eastern Daylight Time),false,71508,http://www.BikeReg.com/71508,http://maps.google.com/maps/?z=12&t=m&q=loc:38.9526692765662+-76.9506935143727,Hyattsville,MD,Mid Atlantic
"2025 i9/NCCX Pre Season Race #1",Sun Sep 21 2025 00:00:00 GMT-0400 (Eastern Daylight Time),Sun Sep 21 2025 00:00:00 GMT-0400 (Eastern Daylight Time),false,71719,http://www.BikeReg.com/71719,http://maps.google.com/maps/?z=12&t=m&q=loc:35.6001429+-82.6015242,Asheville,NC,Mid Atlantic
"Rocktown Cyclocross Festival 2025 - VACX",Sun Sep 21 2025 00:00:00 GMT-0400 (Eastern Daylight Time),Sun Sep 21 2025 00:00:00 GMT-0400 (Eastern Daylight Time),false,72014,http://www.BikeReg.com/72014,http://maps.google.com/maps/?z=12&t=m&q=loc:38.4500732756985+-78.8844022745616,Harrisonburg,VA,Mid Atlantic
"2025 OVCX #1 Harbin Park ~ QCW Queen City Wheels",Sun Sep 21 2025 00:00:00 GMT-0400 (Eastern Daylight Time),Sun Sep 21 2025 00:00:00 GMT-0400 (Eastern Daylight Time),false,72044,http://www.BikeReg.com/72044,http://maps.google.com/maps/?z=12&t=m&q=loc:39.3164674+-84.5716778,Fairfield,OH,Midwest
"CX School - Free Beginner CX Clinics",Tue Aug 05 2025 00:00:00 GMT-0400 (Eastern Daylight Time),Tue Sep 23 2025 00:00:00 GMT-0400 (Eastern Daylight Time),true,71702,http://www.BikeReg.com/71702,http://maps.google.com/maps/?z=12&t=m&q=loc:42.3139012562943+-72.6373008049356,Northampton,MA,New England
"CCAP Rocky Hill Cyclocross Series #4",Wed Sep 24 2025 00:00:00 GMT-0400 (Eastern Daylight Time),Wed Sep 24 2025 00:00:00 GMT-0400 (Eastern Daylight Time),false,70858,http://www.BikeReg.com/70858,http://maps.google.com/maps/?z=12&t=m&q=loc:41.6616066750042+-72.652003839612,Rocky Hill,CT,New England
"Belltown CX II, Race #3 of PMCX",Sat Sep 27 2025 00:00:00 GMT-0400 (Eastern Daylight Time),Sat Sep 27 2025 00:00:00 GMT-0400 (Eastern Daylight Time),false,68292,http://www.BikeReg.com/68292,http://maps.google.com/maps/?z=12&t=m&q=loc:41.5752254+-72.5966985,Portland,CT,New England
"Crank Cross 2025",Sat Sep 27 2025 00:00:00 GMT-0400 (Eastern Daylight Time),Sat Sep 27 2025 00:00:00 GMT-0400 (Eastern Daylight Time),false,70492,http://www.BikeReg.com/70492,http://maps.google.com/maps/?z=12&t=m&q=loc:42.5217499+-83.1108979,Madison Heights,MI,Midwest
"Charm City Cross - TREK USCX Series UCI C1/C2",Sat Sep 27 2025 00:00:00 GMT-0400 (Eastern Daylight Time),Sun Sep 28 2025 00:00:00 GMT-0400 (Eastern Daylight Time),true,71421,http://www.BikeReg.com/71421,http://maps.google.com/maps/?z=12&t=m&q=loc:39.3209669514424+-76.6430933486267,Baltimore,MD,Mid Atlantic
"Schoolyard Cross",Sat Sep 27 2025 00:00:00 GMT-0400 (Eastern Daylight Time),Sat Sep 27 2025 00:00:00 GMT-0400 (Eastern Daylight Time),false,71601,http://www.BikeReg.com/71601,http://maps.google.com/maps/?z=12&t=m&q=loc:40.0614886+-105.1066309,Lafayette,CO,Mountain West
"Field of Riches Cross",Sat Sep 27 2025 00:00:00 GMT-0400 (Eastern Daylight Time),Sat Sep 27 2025 00:00:00 GMT-0400 (Eastern Daylight Time),false,71730,http://www.BikeReg.com/71730,http://maps.google.com/maps/?z=12&t=m&q=loc:43.258514+-88.261575,Richfield,WI,Midwest
"Kilowatt Cross p/b Conte's Bike Shop (RVCX Series)",Sun Sep 28 2025 00:00:00 GMT-0400 (Eastern Daylight Time),Sun Sep 28 2025 00:00:00 GMT-0400 (Eastern Daylight Time),false,69609,http://www.BikeReg.com/69609,http://maps.google.com/maps/?z=12&t=m&q=loc:42.610827+-72.471313,Northfield,MA,New England
"Ommegang Cyclocross",Sun Sep 28 2025 00:00:00 GMT-0400 (Eastern Daylight Time),Sun Sep 28 2025 00:00:00 GMT-0400 (Eastern Daylight Time),false,71696,http://www.BikeReg.com/71696,http://maps.google.com/maps/?z=12&t=m&q=loc:42.6263423+-74.9403417,Cooperstown,NY,North East
"2025 i9/NCCX Pre Season Race #2",Sun Sep 28 2025 00:00:00 GMT-0400 (Eastern Daylight Time),Sun Sep 28 2025 00:00:00 GMT-0400 (Eastern Daylight Time),false,71720,http://www.BikeReg.com/71720,http://maps.google.com/maps/?z=12&t=m&q=loc:35.6001429+-82.6015242,Asheville,NC,Mid Atlantic
"Cosmo Cross",Sun Sep 28 2025 00:00:00 GMT-0400 (Eastern Daylight Time),Sun Sep 28 2025 00:00:00 GMT-0400 (Eastern Daylight Time),false,71798,http://www.BikeReg.com/71798,http://maps.google.com/maps/?z=12&t=m&q=loc:38.9775000991372+-92.3631154416221,Columbia,MO,Midwest
"OVCX Race 2 - CarterCX",Sun Sep 28 2025 00:00:00 GMT-0400 (Eastern Daylight Time),Sun Sep 28 2025 00:00:00 GMT-0400 (Eastern Daylight Time),false,71821,http://www.BikeReg.com/71821,http://maps.google.com/maps/?z=12&t=m&q=loc:39.35696+-84.2524082,Kings Mills,OH,Midwest
"Singlespeed Cyclocross World Championships 2025",Fri Oct 03 2025 00:00:00 GMT-0400 (Eastern Daylight Time),Sun Oct 05 2025 00:00:00 GMT-0400 (Eastern Daylight Time),true,69847,http://www.BikeReg.com/69847,http://maps.google.com/maps/?z=12&t=m&q=loc:44.9720853938879+-93.2640076134278,Minneapolis,MN,Midwest
"Trek CX Cup - TREK USCX Series - UCI C1/C2",Fri Oct 03 2025 00:00:00 GMT-0400 (Eastern Daylight Time),Sun Oct 05 2025 00:00:00 GMT-0400 (Eastern Daylight Time),true,70238,http://www.BikeReg.com/70238,http://maps.google.com/maps/?z=12&t=m&q=loc:43.1790205+-89.0037409,Waterloo,WI,Midwest
"Cross is Coming 2025",Fri Oct 03 2025 00:00:00 GMT-0400 (Eastern Daylight Time),Sat Oct 04 2025 00:00:00 GMT-0400 (Eastern Daylight Time),true,71878,http://www.BikeReg.com/71878,http://maps.google.com/maps/?z=12&t=m&q=loc:41.4958561+-93.8091297,Cumming,IA,Midwest
"LIMESTONE 55.5 // Singlespeed Gravel Championships v.2025",Sat Oct 04 2025 00:00:00 GMT-0400 (Eastern Daylight Time),Sat Oct 04 2025 00:00:00 GMT-0400 (Eastern Daylight Time),false,66927,http://www.BikeReg.com/66927,http://maps.google.com/maps/?z=12&t=m&q=loc:41.4835377+-93.7627579,Cumming,IA,Midwest
"Fon Solo Gravel/Last Standing/Cider Cross (Maine Gravel Series)",Sat Oct 04 2025 00:00:00 GMT-0400 (Eastern Daylight Time),Sun Oct 05 2025 00:00:00 GMT-0400 (Eastern Daylight Time),true,68888,http://www.BikeReg.com/68888,http://maps.google.com/maps/?z=12&t=m&q=loc:44.0330535+-69.6291913,Alna,ME,New England
"Crossasaurus Awesome- PACX",Sat Oct 04 2025 00:00:00 GMT-0400 (Eastern Daylight Time),Sat Oct 04 2025 00:00:00 GMT-0400 (Eastern Daylight Time),false,70413,http://www.BikeReg.com/70413,http://maps.google.com/maps/?z=12&t=m&q=loc:40.2797248+-75.4384158,559 Salford Station Rd,PA,North East
"Dave Panella Memorial Cyclocross Race",Sat Oct 04 2025 00:00:00 GMT-0400 (Eastern Daylight Time),Sat Oct 04 2025 00:00:00 GMT-0400 (Eastern Daylight Time),false,71020,http://www.BikeReg.com/71020,http://maps.google.com/maps/?z=12&t=m&q=loc:42.3256426+-75.7643082,Greene,NY,North East
"CYCLO-X Valmont",Sat Oct 04 2025 00:00:00 GMT-0400 (Eastern Daylight Time),Sat Oct 04 2025 00:00:00 GMT-0400 (Eastern Daylight Time),false,71556,http://www.BikeReg.com/71556,http://maps.google.com/maps/?z=12&t=m&q=loc:40.031724+-105.2316572,Boulder,CO,Mountain West
"Volunteer Sign-up - CYCLO-X Valmont",Sat Oct 04 2025 00:00:00 GMT-0400 (Eastern Daylight Time),Sat Oct 04 2025 00:00:00 GMT-0400 (Eastern Daylight Time),false,71566,http://www.BikeReg.com/71566,http://maps.google.com/maps/?z=12&t=m&q=loc:40.0315015+-105.2342297,Boulder,CO,Mountain West
"Smith Farms CX 2025 p/b Cbus Cross",Sat Oct 04 2025 00:00:00 GMT-0400 (Eastern Daylight Time),Sat Oct 04 2025 00:00:00 GMT-0400 (Eastern Daylight Time),false,71682,http://www.BikeReg.com/71682,http://maps.google.com/maps/?z=12&t=m&q=loc:39.9034437852734+-82.9101416027589,Groveport,OH,Midwest
"Revenant Cross",Sat Oct 04 2025 00:00:00 GMT-0400 (Eastern Daylight Time),Sun Oct 05 2025 00:00:00 GMT-0400 (Eastern Daylight Time),true,71997,http://www.BikeReg.com/71997,http://maps.google.com/maps/?z=12&t=m&q=loc:30.1699655+-97.6699483,Austin,TX,South
"BOSSCROSS - Westford, MA",Sat Oct 04 2025 00:00:00 GMT-0400 (Eastern Daylight Time),Sat Oct 04 2025 00:00:00 GMT-0400 (Eastern Daylight Time),false,72018,http://www.BikeReg.com/72018,http://maps.google.com/maps/?z=12&t=m&q=loc:42.567728+-71.396105,Westford,MA,New England
"Keene Pumpkin Cross",Sun Oct 05 2025 00:00:00 GMT-0400 (Eastern Daylight Time),Sun Oct 05 2025 00:00:00 GMT-0400 (Eastern Daylight Time),false,67946,http://www.BikeReg.com/67946,http://maps.google.com/maps/?z=12&t=m&q=loc:43.0041799+-72.3201627,Surry,NH,New England
"Newtown Cyclocross p/b The CCAP",Sun Oct 05 2025 00:00:00 GMT-0400 (Eastern Daylight Time),Sun Oct 05 2025 00:00:00 GMT-0400 (Eastern Daylight Time),false,71432,http://www.BikeReg.com/71432,http://maps.google.com/maps/?z=12&t=m&q=loc:41.405166+-73.2857648,Newtown,CT,New England
"Amy D Breaking Barriers Cyclocross",Sat Oct 11 2025 00:00:00 GMT-0400 (Eastern Daylight Time),Sat Oct 11 2025 00:00:00 GMT-0400 (Eastern Daylight Time),false,70235,http://www.BikeReg.com/70235,http://maps.google.com/maps/?z=12&t=m&q=loc:39.7391384+-105.206151,Golden,CO,Mountain West
"2025 NCCX Race #1 Gibsonville",Sat Oct 11 2025 00:00:00 GMT-0400 (Eastern Daylight Time),Sat Oct 11 2025 00:00:00 GMT-0400 (Eastern Daylight Time),false,71633,http://www.BikeReg.com/71633,http://maps.google.com/maps/?z=12&t=m&q=loc:36.1680894+-79.6071533,Gibsonville,NC,Mid Atlantic
"NNCX: Lee Hall - VACX",Sat Oct 11 2025 00:00:00 GMT-0400 (Eastern Daylight Time),Sat Oct 11 2025 00:00:00 GMT-0400 (Eastern Daylight Time),false,71691,http://www.BikeReg.com/71691,http://maps.google.com/maps/?z=12&t=m&q=loc:37.1997458+-76.5756246,Newport News,VA,Mid Atlantic
"Englewood CX",Sat Oct 11 2025 00:00:00 GMT-0400 (Eastern Daylight Time),Sun Oct 12 2025 00:00:00 GMT-0400 (Eastern Daylight Time),true,71990,http://www.BikeReg.com/71990,http://maps.google.com/maps/?z=12&t=m&q=loc:43.4294516+-89.067518,Fall River,WI,Midwest
"Back Loop Cross",Sat Oct 11 2025 00:00:00 GMT-0400 (Eastern Daylight Time),Sun Oct 12 2025 00:00:00 GMT-0400 (Eastern Daylight Time),true,72082,http://www.BikeReg.com/72082,http://maps.google.com/maps/?z=12&t=m&q=loc:41.5608335165916+-93.679683318851,Des Moines,IA,Midwest
"Uncle Sam Grand Prix",Sat Oct 11 2025 00:00:00 GMT-0400 (Eastern Daylight Time),Sun Oct 12 2025 00:00:00 GMT-0400 (Eastern Daylight Time),true,72084,http://www.BikeReg.com/72084,http://maps.google.com/maps/?z=12&t=m&q=loc:42.723346+-73.684181,Troy,NY,North East
"HPCX",Sun Oct 12 2025 00:00:00 GMT-0400 (Eastern Daylight Time),Sun Oct 12 2025 00:00:00 GMT-0400 (Eastern Daylight Time),false,70194,http://www.BikeReg.com/70194,http://maps.google.com/maps/?z=12&t=m&q=loc:40.346959+-74.4356767,Jamesburg,NJ,North East
"Knox Farm CX",Sun Oct 12 2025 00:00:00 GMT-0400 (Eastern Daylight Time),Sun Oct 12 2025 00:00:00 GMT-0400 (Eastern Daylight Time),false,71621,http://www.BikeReg.com/71621,http://maps.google.com/maps/?z=12&t=m&q=loc:42.7681808371048+-78.6374540115207,East Aurora,NY,North East
"2025 NCCX Race #2 Raleigh",Sun Oct 12 2025 00:00:00 GMT-0400 (Eastern Daylight Time),Sun Oct 12 2025 00:00:00 GMT-0400 (Eastern Daylight Time),false,71634,http://www.BikeReg.com/71634,http://maps.google.com/maps/?z=12&t=m&q=loc:35.7964365+-78.6150471,Raleigh,NC,Mid Atlantic
"Falkorburg Cross -- Event #3 of the 2025 BikeReg Cyclocross Super Series",Sun Oct 12 2025 00:00:00 GMT-0400 (Eastern Daylight Time),Sun Oct 12 2025 00:00:00 GMT-0400 (Eastern Daylight Time),false,72033,http://www.BikeReg.com/72033,http://maps.google.com/maps/?z=12&t=m&q=loc:39.4178315+-76.7019038,Stevenson,MD,Mid Atlantic
"Apex Technology Youth Tri-X at Lime Rock Park",Sun Oct 12 2025 00:00:00 GMT-0400 (Eastern Daylight Time),Sun Oct 12 2025 00:00:00 GMT-0400 (Eastern Daylight Time),false,72079,http://www.BikeReg.com/72079,http://maps.google.com/maps/?z=12&t=m&q=loc:41.9290599+-73.3895268,Salisbury,CT,New England
"2025 Minuteman CX -- p/b Minuteman Road Club",Sun Oct 12 2025 00:00:00 GMT-0400 (Eastern Daylight Time),Sun Oct 12 2025 00:00:00 GMT-0400 (Eastern Daylight Time),false,72083,http://www.BikeReg.com/72083,http://maps.google.com/maps/?z=12&t=m&q=loc:42.4645152+-71.6630244,Lancaster,MA,New England
"Tree House CX | New England Regional CX Championships (RVCX Series)",Fri Oct 17 2025 00:00:00 GMT-0400 (Eastern Daylight Time),Sun Oct 19 2025 00:00:00 GMT-0400 (Eastern Daylight Time),true,69358,http://www.BikeReg.com/69358,http://maps.google.com/maps/?z=12&t=m&q=loc:42.4904929+-72.6094804,South Deerfield,MA,New England
"Kings CX",Sat Oct 18 2025 00:00:00 GMT-0400 (Eastern Daylight Time),Sun Oct 19 2025 00:00:00 GMT-0400 (Eastern Daylight Time),true,70848,http://www.BikeReg.com/70848,http://maps.google.com/maps/?z=12&t=m&q=loc:39.3156947692843+-84.295728272168,Mason,OH,Midwest
"Springfield Cyclocross PARCX2025",Sat Oct 18 2025 00:00:00 GMT-0400 (Eastern Daylight Time),Sat Oct 18 2025 00:00:00 GMT-0400 (Eastern Daylight Time),false,71275,http://www.BikeReg.com/71275,http://maps.google.com/maps/?z=12&t=m&q=loc:39.7573427657898+-89.772882174733,Springfield,IL,Midwest
"CYCLO-X Louisville",Sat Oct 18 2025 00:00:00 GMT-0400 (Eastern Daylight Time),Sat Oct 18 2025 00:00:00 GMT-0400 (Eastern Daylight Time),false,71557,http://www.BikeReg.com/71557,http://maps.google.com/maps/?z=12&t=m&q=loc:39.9750467+-105.1574198,Louisville,CO,Mountain West
"VACX Series Richmond Festival of Cross - Chimborazo",Sat Oct 18 2025 00:00:00 GMT-0400 (Eastern Daylight Time),Sat Oct 18 2025 00:00:00 GMT-0400 (Eastern Daylight Time),false,71741,http://www.BikeReg.com/71741,http://maps.google.com/maps/?z=12&t=m&q=loc:37.526844+-77.412214,Richmond,VA,Mid Atlantic
"Versus CX 2025",Sun Oct 19 2025 00:00:00 GMT-0400 (Eastern Daylight Time),Sun Oct 19 2025 00:00:00 GMT-0400 (Eastern Daylight Time),false,71318,http://www.BikeReg.com/71318,http://maps.google.com/maps/?z=12&t=m&q=loc:45.0398579+-93.2547336,Columbia Heights,MN,Midwest
"Hometown CX p/b Grey Ghost Bicycles",Sun Oct 19 2025 00:00:00 GMT-0400 (Eastern Daylight Time),Sun Oct 19 2025 00:00:00 GMT-0400 (Eastern Daylight Time),false,71617,http://www.BikeReg.com/71617,http://maps.google.com/maps/?z=12&t=m&q=loc:43.3202006+-73.6617149,Glens Falls,NY,North East
"VACX Series Richmond Festival of Cross - Chimborazo",Sat Oct 18 2025 00:00:00 GMT-0400 (Eastern Daylight Time),Sat Oct 18 2025 00:00:00 GMT-0400 (Eastern Daylight Time),false,71741,http://www.BikeReg.com/71741,http://maps.google.com/maps/?z=12&t=m&q=loc:37.526844+-77.412214,Richmond,VA,Mid Atlantic
"Salt City CX 2025",Sat Oct 18 2025 00:00:00 GMT-0400 (Eastern Daylight Time),Sat Oct 18 2025 00:00:00 GMT-0400 (Eastern Daylight Time),false,72078,http://www.BikeReg.com/72078,http://maps.google.com/maps/?z=12&t=m&q=loc:43.1162772+-76.2500881,Syracuse,NY,North East
"Versus CX 2025",Sun Oct 19 2025 00:00:00 GMT-0400 (Eastern Daylight Time),Sun Oct 19 2025 00:00:00 GMT-0400 (Eastern Daylight Time),false,71318,http://www.BikeReg.com/71318,http://maps.google.com/maps/?z=12&t=m&q=loc:45.0398579+-93.2547336,Columbia Heights,MN,Midwest
"Hometown CX p/b Grey Ghost Bicycles",Sun Oct 19 2025 00:00:00 GMT-0400 (Eastern Daylight Time),Sun Oct 19 2025 00:00:00 GMT-0400 (Eastern Daylight Time),false,71617,http://www.BikeReg.com/71617,http://maps.google.com/maps/?z=12&t=m&q=loc:43.3202006+-73.6617149,Glens Falls,NY,North East
"2025 NCCX Race #3 Boone",Sun Oct 19 2025 00:00:00 GMT-0400 (Eastern Daylight Time),Sun Oct 19 2025 00:00:00 GMT-0400 (Eastern Daylight Time),false,71658,http://www.BikeReg.com/71658,http://maps.google.com/maps/?z=12&t=m&q=loc:36.2181951+-81.6830378,Boone,NC,Mid Atlantic
"Cooper River Cross p/b Aistriu",Sun Oct 19 2025 00:00:00 GMT-0400 (Eastern Daylight Time),Sun Oct 19 2025 00:00:00 GMT-0400 (Eastern Daylight Time),false,71776,http://www.BikeReg.com/71776,http://maps.google.com/maps/?z=12&t=m&q=loc:39.9215203+-75.0447572,Cherry Hill Township,NJ,North East
"Really Rad Festival of Cyclocross 2025",Fri Oct 24 2025 00:00:00 GMT-0400 (Eastern Daylight Time),Sun Oct 26 2025 00:00:00 GMT-0400 (Eastern Daylight Time),true,71789,http://www.BikeReg.com/71789,http://maps.google.com/maps/?z=12&t=m&q=loc:41.6192282+-70.5385339,Falmouth,MA,New England
"Major Taylor Cross Cup",Sat Oct 25 2025 00:00:00 GMT-0400 (Eastern Daylight Time),Sun Oct 26 2025 00:00:00 GMT-0400 (Eastern Daylight Time),true,69595,http://www.BikeReg.com/69595,http://maps.google.com/maps/?z=12&t=m&q=loc:39.81597+-86.1992269,Indianapolis,IN,Midwest
"CYCLO-X Boulder",Sat Oct 25 2025 00:00:00 GMT-0400 (Eastern Daylight Time),Sat Oct 25 2025 00:00:00 GMT-0400 (Eastern Daylight Time),false,71561,http://www.BikeReg.com/71561,http://maps.google.com/maps/?z=12&t=m&q=loc:40.0800863+-105.2364968,Boulder,CO,Mountain West
"Volunteer Sign-up - CYCLO-X Boulder",Sat Oct 25 2025 00:00:00 GMT-0400 (Eastern Daylight Time),Sat Oct 25 2025 00:00:00 GMT-0400 (Eastern Daylight Time),false,71569,http://www.BikeReg.com/71569,http://maps.google.com/maps/?z=12&t=m&q=loc:40.0674908+-105.2340124,Boulder,CO,Mountain West
"2025 NCCX Race #4 Winston Salem (Saturday)",Sat Oct 25 2025 00:00:00 GMT-0400 (Eastern Daylight Time),Sat Oct 25 2025 00:00:00 GMT-0400 (Eastern Daylight Time),false,71635,http://www.BikeReg.com/71635,http://maps.google.com/maps/?z=12&t=m&q=loc:36.1054183+-80.2648571,Winston Salem,NC,Mid Atlantic
"2025 DICX - Detroit Invitational Cyclocross",Sat Oct 25 2025 00:00:00 GMT-0400 (Eastern Daylight Time),Sat Oct 25 2025 00:00:00 GMT-0400 (Eastern Daylight Time),false,71996,http://www.BikeReg.com/71996,http://maps.google.com/maps/?z=12&t=m&q=loc:42.4417780120607+-83.0460994367552,Detroit,MI,Midwest
"Marbletown Madness CX - 2025 NYSBRA State CX Championships",Sun Oct 26 2025 00:00:00 GMT-0400 (Eastern Daylight Time),Sun Oct 26 2025 00:00:00 GMT-0400 (Eastern Daylight Time),false,70192,http://www.BikeReg.com/70192,http://maps.google.com/maps/?z=12&t=m&q=loc:43.0204477+-77.0754686,Newark,NY,North East
"2025 NCCX Race #5 GP Zoe Clay Winston Salem (Sunday)",Sun Oct 26 2025 00:00:00 GMT-0400 (Eastern Daylight Time),Sun Oct 26 2025 00:00:00 GMT-0400 (Eastern Daylight Time),false,71636,http://www.BikeReg.com/71636,http://maps.google.com/maps/?z=12&t=m&q=loc:36.1170597+-80.3102058,Winston-Salem,NC,Mid Atlantic
"BikenetiCX -- Event #4 of the 2025 BikeReg Cyclocross Super Series",Sun Oct 26 2025 00:00:00 GMT-0400 (Eastern Daylight Time),Sun Oct 26 2025 00:00:00 GMT-0400 (Eastern Daylight Time),false,71991,http://www.BikeReg.com/71991,http://maps.google.com/maps/?z=12&t=m&q=loc:39.1303109+-77.605996,Leesburg,VA,Mid Atlantic
"Diablo Sunnyview Cross",Sun Oct 26 2025 00:00:00 GMT-0400 (Eastern Daylight Time),Sun Oct 26 2025 00:00:00 GMT-0400 (Eastern Daylight Time),false,72097,http://www.BikeReg.com/72097,http://maps.google.com/maps/?z=12&t=m&q=loc:44.0833447+-88.5321119,Oshkosh,WI,Midwest
"34th Annual Cycle-Smart Northampton Cyclocross presented by Verge and ShiftGear",Fri Oct 31 2025 00:00:00 GMT-0400 (Eastern Daylight Time),Sun Nov 02 2025 00:00:00 GMT-0400 (Eastern Daylight Time),true,69186,http://www.BikeReg.com/69186,http://maps.google.com/maps/?z=12&t=m&q=loc:42.3461621+-72.6905514,Northampton,MA,New England
"2025 Webberville Cyclocross Weekend",Sat Nov 01 2025 00:00:00 GMT-0400 (Eastern Daylight Time),Sun Nov 02 2025 00:00:00 GMT-0400 (Eastern Daylight Time),true,70771,http://www.BikeReg.com/70771,http://maps.google.com/maps/?z=12&t=m&q=loc:30.212628+-97.495874,Elgin,TX,South
"BYC Frosty Cross 2025!",Sat Nov 01 2025 00:00:00 GMT-0400 (Eastern Daylight Time),Sat Nov 01 2025 00:00:00 GMT-0400 (Eastern Daylight Time),false,71436,http://www.BikeReg.com/71436,http://maps.google.com/maps/?z=12&t=m&q=loc:39.5032716+-76.6854369,Cockeysville,MD,Mid Atlantic
"Lobdell CX 2025 p/b CBus Cross",Sat Nov 01 2025 00:00:00 GMT-0400 (Eastern Daylight Time),Sat Nov 01 2025 00:00:00 GMT-0400 (Eastern Daylight Time),false,71683,http://www.BikeReg.com/71683,http://maps.google.com/maps/?z=12&t=m&q=loc:40.1037027+-82.5991887,Alexandria,OH,Midwest
"NEOCX: Heck of the North Vol. VII",Sat Nov 01 2025 00:00:00 GMT-0400 (Eastern Daylight Time),Sat Nov 01 2025 00:00:00 GMT-0400 (Eastern Daylight Time),false,72100,http://www.BikeReg.com/72100,http://maps.google.com/maps/?z=12&t=m&q=loc:41.6967743+-81.3967943,Willoughby,OH,Midwest
"VETS PARK CX",Sun Nov 02 2025 00:00:00 GMT-0400 (Eastern Daylight Time),Sun Nov 02 2025 00:00:00 GMT-0400 (Eastern Daylight Time),false,69197,http://www.BikeReg.com/69197,http://maps.google.com/maps/?z=12&t=m&q=loc:42.2826472+-83.7782416,Ann Arbor,MI,Midwest
"2025 NCCX Race #6 Rock Hill, SC",Sun Nov 02 2025 00:00:00 GMT-0400 (Eastern Daylight Time),Sun Nov 02 2025 00:00:00 GMT-0400 (Eastern Daylight Time),false,71637,http://www.BikeReg.com/71637,http://maps.google.com/maps/?z=12&t=m&q=loc:35.0124600833846+-81.011270136663,Rock Hill,SC,South East
"Beaver CX 2025",Sun Nov 02 2025 00:00:00 GMT-0400 (Eastern Daylight Time),Sun Nov 02 2025 00:00:00 GMT-0400 (Eastern Daylight Time),false,71851,http://www.BikeReg.com/71851,http://maps.google.com/maps/?z=12&t=m&q=loc:42.9643033+-78.950037,Grand Island,NY,North East
"West Chester Cross Classic XIII (PACX) p/b Piscitello Law",Sun Nov 02 2025 00:00:00 GMT-0400 (Eastern Daylight Time),Sun Nov 02 2025 00:00:00 GMT-0400 (Eastern Daylight Time),false,72031,http://www.BikeReg.com/72031,http://maps.google.com/maps/?z=12&t=m&q=loc:40.1223132+-75.6943394,Glenmoore,PA,North East
"NCC Trail Blasters Youth Cyclocross Racing Team 2025",Tue Aug 19 2025 00:00:00 GMT-0400 (Eastern Daylight Time),Thu Nov 06 2025 00:00:00 GMT-0500 (Eastern Standard Time),true,71823,http://www.BikeReg.com/71823,http://maps.google.com/maps/?z=12&t=m&q=loc:42.3250492+-72.6411923,Northampton,MA,New England
"CYCLO-X Westminster",Sat Nov 08 2025 00:00:00 GMT-0500 (Eastern Standard Time),Sat Nov 08 2025 00:00:00 GMT-0500 (Eastern Standard Time),false,71559,http://www.BikeReg.com/71559,http://maps.google.com/maps/?z=12&t=m&q=loc:39.8868941+-105.0559241,Westminster,CO,Mountain West
"Volunteer Sign-up - CYCLO-X Westminster",Sat Nov 08 2025 00:00:00 GMT-0500 (Eastern Standard Time),Sat Nov 08 2025 00:00:00 GMT-0500 (Eastern Standard Time),false,71565,http://www.BikeReg.com/71565,http://maps.google.com/maps/?z=12&t=m&q=loc:39.8868941+-105.0559241,Westminster,CO,Mountain West
"2025 NCCX Race #7 Davidson",Sat Nov 08 2025 00:00:00 GMT-0500 (Eastern Standard Time),Sat Nov 08 2025 00:00:00 GMT-0500 (Eastern Standard Time),false,71717,http://www.BikeReg.com/71717,http://maps.google.com/maps/?z=12&t=m&q=loc:35.4889095+-80.8004031,Davidson,NC,Mid Atlantic
"NEOCX: Star 'Crossed",Sat Nov 08 2025 00:00:00 GMT-0500 (Eastern Standard Time),Sat Nov 08 2025 00:00:00 GMT-0500 (Eastern Standard Time),false,72101,http://www.BikeReg.com/72101,http://maps.google.com/maps/?z=12&t=m&q=loc:41.3771224+-81.4376217,Solon,OH,Midwest
"J. R. Westfalls CX",Sun Nov 09 2025 00:00:00 GMT-0500 (Eastern Standard Time),Sun Nov 09 2025 00:00:00 GMT-0500 (Eastern Standard Time),false,70153,http://www.BikeReg.com/70153,http://maps.google.com/maps/?z=12&t=m&q=loc:42.7107161417305+-78.6730742454529,West Falls,NY,North East
"2025 NCCX Race #8 Midland",Sun Nov 09 2025 00:00:00 GMT-0500 (Eastern Standard Time),Sun Nov 09 2025 00:00:00 GMT-0500 (Eastern Standard Time),false,71718,http://www.BikeReg.com/71718,http://maps.google.com/maps/?z=12&t=m&q=loc:35.237583+-80.515599,Midland,NC,Mid Atlantic
"Riverside Rumble - OVCX Race #10",Sun Nov 09 2025 00:00:00 GMT-0500 (Eastern Standard Time),Sun Nov 09 2025 00:00:00 GMT-0500 (Eastern Standard Time),false,71778,http://www.BikeReg.com/71778,http://maps.google.com/maps/?z=12&t=m&q=loc:39.1763469+-84.2955477,Milford,OH,Midwest
"Cyclocross de Lévis presented By Lazer",Thu Nov 13 2025 00:00:00 GMT-0500 (Eastern Standard Time),Sun Nov 16 2025 00:00:00 GMT-0500 (Eastern Standard Time),true,72023,http://www.BikeReg.com/72023,http://maps.google.com/maps/?z=12&t=m&q=loc:46.7580793+-71.225942,Levis,QC,--
"Boulder Cup",Sat Nov 15 2025 00:00:00 GMT-0500 (Eastern Standard Time),Sun Nov 16 2025 00:00:00 GMT-0500 (Eastern Standard Time),true,71602,http://www.BikeReg.com/71602,http://maps.google.com/maps/?z=12&t=m&q=loc:40.0298919+-105.230497,Boulder,CO,Mountain West
"Jive Turkey Cranksgiving",Sat Nov 15 2025 00:00:00 GMT-0500 (Eastern Standard Time),Sat Nov 15 2025 00:00:00 GMT-0500 (Eastern Standard Time),false,71790,http://www.BikeReg.com/71790,http://maps.google.com/maps/?z=12&t=m&q=loc:39.8490807+-75.7057258,Kennett Square,PA,North East
"NEOCX: Series Finale",Sat Nov 15 2025 00:00:00 GMT-0500 (Eastern Standard Time),Sat Nov 15 2025 00:00:00 GMT-0500 (Eastern Standard Time),false,72102,http://www.BikeReg.com/72102,http://maps.google.com/maps/?z=12&t=m&q=loc:41.5227619+-81.66245,Cleveland,OH,Midwest
"Moran Cross - PMCX Series #6 - CT STATE CHAMPIONSHIP",Sun Nov 16 2025 00:00:00 GMT-0500 (Eastern Standard Time),Sun Nov 16 2025 00:00:00 GMT-0500 (Eastern Standard Time),false,68533,http://www.BikeReg.com/68533,http://maps.google.com/maps/?z=12&t=m&q=loc:41.4843647+-72.8306295,Wallingford,CT,New England
"Rust Belt Ruckus - A Buffalo Cyclocross Series",Sun Oct 05 2025 00:00:00 GMT-0400 (Eastern Daylight Time),Sun Nov 16 2025 00:00:00 GMT-0500 (Eastern Standard Time),true,71303,http://www.BikeReg.com/71303,http://maps.google.com/maps/?z=12&t=m&q=loc:42.92029+-78.8989859,Buffalo,NY,North East
"2025 NCCX Race #9 Hickory",Sun Nov 16 2025 00:00:00 GMT-0500 (Eastern Standard Time),Sun Nov 16 2025 00:00:00 GMT-0500 (Eastern Standard Time),false,71638,http://www.BikeReg.com/71638,http://maps.google.com/maps/?z=12&t=m&q=loc:35.7487164+-81.3789764,Hickory,NC,Mid Atlantic
"2025 Bethlehem Cup Cyclocross",Sun Nov 16 2025 00:00:00 GMT-0500 (Eastern Standard Time),Sun Nov 16 2025 00:00:00 GMT-0500 (Eastern Standard Time),false,71844,http://www.BikeReg.com/71844,http://maps.google.com/maps/?z=12&t=m&q=loc:42.6021867+-73.8463172,Delmar,NY,North East
"Fifth Street Cross - Thursday Nights",Thu Sep 04 2025 00:00:00 GMT-0400 (Eastern Daylight Time),Thu Nov 20 2025 00:00:00 GMT-0500 (Eastern Standard Time),true,70770,http://www.BikeReg.com/70770,http://maps.google.com/maps/?z=12&t=m&q=loc:40.5405455+-75.482643,Emmaus,PA,North East
"NQCX - VACX",Sat Nov 22 2025 00:00:00 GMT-0500 (Eastern Standard Time),Sat Nov 22 2025 00:00:00 GMT-0500 (Eastern Standard Time),false,71500,http://www.BikeReg.com/71500,http://maps.google.com/maps/?z=12&t=m&q=loc:37.293959+-76.645388,Williamsburg,VA,Mid Atlantic
"CYCLO-X Longmont",Sat Nov 22 2025 00:00:00 GMT-0500 (Eastern Standard Time),Sat Nov 22 2025 00:00:00 GMT-0500 (Eastern Standard Time),false,71560,http://www.BikeReg.com/71560,http://maps.google.com/maps/?z=12&t=m&q=loc:40.1581467+-105.0385017,Longmont,CO,Mountain West
"Volunteer Sign-up - CYCLO-X Longmont",Sat Nov 22 2025 00:00:00 GMT-0500 (Eastern Standard Time),Sat Nov 22 2025 00:00:00 GMT-0500 (Eastern Standard Time),false,71564,http://www.BikeReg.com/71564,http://maps.google.com/maps/?z=12&t=m&q=loc:40.1610877+-104.9983936,Longmont,CO,Mountain West
"2025 NORTH CAROLINA GRAND PRIX - R#1 & R#2 - NCCX Race #10 & Race #11 Hendersonville",Sat Nov 22 2025 00:00:00 GMT-0500 (Eastern Standard Time),Sun Nov 23 2025 00:00:00 GMT-0500 (Eastern Standard Time),true,71631,http://www.BikeReg.com/71631,http://maps.google.com/maps/?z=12&t=m&q=loc:35.3169908+-82.4463546,Hendersonville,NC,Mid Atlantic
"Dog Iron » Dirt Crit",Sat Sep 27 2025 00:00:00 GMT-0400 (Eastern Daylight Time),Sun Nov 23 2025 00:00:00 GMT-0500 (Eastern Standard Time),true,71806,http://www.BikeReg.com/71806,http://maps.google.com/maps/?z=12&t=m&q=loc:35.5061044+-97.5751949,Oklahoma City,OK,South
"Fifth Street Cross - Black Friday 100",Fri Nov 28 2025 00:00:00 GMT-0500 (Eastern Standard Time),Fri Nov 28 2025 00:00:00 GMT-0500 (Eastern Standard Time),false,70732,http://www.BikeReg.com/70732,http://maps.google.com/maps/?z=12&t=m&q=loc:40.5405455+-75.482643,Emmaus,PA,North East
"Orchard Scorcher 2025 - PMCX Series #7",Sun Nov 30 2025 00:00:00 GMT-0500 (Eastern Standard Time),Sun Nov 30 2025 00:00:00 GMT-0500 (Eastern Standard Time),false,71514,http://www.BikeReg.com/71514,http://maps.google.com/maps/?z=12&t=m&q=loc:41.3211299+-72.717579,Guilford,CT,New England
"VACX Series - Gillies Creek",Sun Nov 30 2025 00:00:00 GMT-0500 (Eastern Standard Time),Sun Nov 30 2025 00:00:00 GMT-0500 (Eastern Standard Time),false,71743,http://www.BikeReg.com/71743,http://maps.google.com/maps/?z=12&t=m&q=loc:37.5214594+-77.4092323,Richmond,VA,Mid Atlantic
"The Ice Weasels Cometh",Sat Dec 06 2025 00:00:00 GMT-0500 (Eastern Standard Time),Sat Dec 06 2025 00:00:00 GMT-0500 (Eastern Standard Time),false,68637,http://www.BikeReg.com/68637,http://maps.google.com/maps/?z=12&t=m&q=loc:42.0577364944+-72.7518488961607,Southwick,MA,New England
"State Fair CX",Sat Dec 06 2025 00:00:00 GMT-0500 (Eastern Standard Time),Sat Dec 06 2025 00:00:00 GMT-0500 (Eastern Standard Time),false,69756,http://www.BikeReg.com/69756,http://maps.google.com/maps/?z=12&t=m&q=loc:38.694448+-93.2585296,Sedalia,MO,Midwest
"2025 NCCX Race #12 Salisbury",Sat Dec 06 2025 00:00:00 GMT-0500 (Eastern Standard Time),Sat Dec 06 2025 00:00:00 GMT-0500 (Eastern Standard Time),false,71632,http://www.BikeReg.com/71632,http://maps.google.com/maps/?z=12&t=m&q=loc:35.6972573+-80.5614655,Salisbury,NC,Mid Atlantic
"2025 Ohio State Cylcocross Championship at Infirmary Mound",Sat Dec 06 2025 00:00:00 GMT-0500 (Eastern Standard Time),Sun Dec 07 2025 00:00:00 GMT-0500 (Eastern Standard Time),true,71893,http://www.BikeReg.com/71893,http://maps.google.com/maps/?z=12&t=m&q=loc:40.0256787+-82.5235303,Granville,OH,Midwest
"2025 CCAP Fall Cyclocross Teams",Mon Aug 25 2025 00:00:00 GMT-0400 (Eastern Daylight Time),Wed Dec 31 2025 00:00:00 GMT-0500 (Eastern Standard Time),true,71987,http://www.BikeReg.com/71987,http://maps.google.com/maps/?z=12&t=m&q=loc:41.5610795+-72.6504669,Middletown,CT,New England